name,category,area,contact,details,distance
Grocery Service 1,Grocery,Koregaon Park,+91 9639700191,Provides excellent Grocery service in Koregaon Park.,4.2
Salon Service 2,Salon,KarveNagar,+91 8028277857,Trusted for Salon needs in KarveNagar.,11.94
Dentist Service 3,Dentist,KarveNagar,+91 6121751464,Trusted for Dentist needs in KarveNagar.,6.78
AC Service 4,AC Repair,KarveNagar,+91 7143881027,"Specialist in AC Repair, quick service in KarveNagar.",9.07
Dentist Service 5,Dentist,Hadapsar,+91 6131383004,Provides excellent Dentist service in Hadapsar.,0.87
Tutor Service 6,Tutor,Kothrud,+91 9784870617,Trusted for Tutor needs in Kothrud.,10.45
Pharmacy Service 7,Pharmacy,Kothrud,+91 8266151100,"Specialist in Pharmacy, quick service in Kothrud.",11.57
Salon Service 8,Salon,Aundh,+91 7001090105,Affordable and reliable Salon solutions in Aundh.,3.85
Plumber Service 9,Plumber,KarveNagar,+91 7244602538,Provides excellent Plumber service in KarveNagar.,6.53
Tutor Service 10,Tutor,ShivajiNagar,+91 6798461319,Affordable and reliable Tutor solutions in ShivajiNagar.,2.25
Restaurant Service 11,Restaurant,Aundh,+91 7812935769,24/7 support for Restaurant in Aundh.,12.54
Plumber Service 12,Plumber,Wakad,+91 7220455187,24/7 support for Plumber in Wakad.,14.62
Salon Service 13,Salon,Aundh,+91 7689440956,24/7 support for Salon in Aundh.,12.87
Salon Service 14,Salon,Baner,+91 9194298828,Trusted for Salon needs in Baner.,6.51
Grocery Service 15,Grocery,Hadapsar,+91 8357072719,Affordable and reliable Grocery solutions in Hadapsar.,1.75
Tutor Service 16,Tutor,ShivajiNagar,+91 9343385571,"Specialist in Tutor, quick service in ShivajiNagar.",8.05
Pharmacy Service 17,Pharmacy,Hadapsar,+91 8103217660,Provides excellent Pharmacy service in Hadapsar.,7.31
Electrician Service 18,Electrician,Koregaon Park,+91 8547704717,24/7 support for Electrician in Koregaon Park.,6.21
Grocery Service 19,Grocery,Hinjewadi,+91 8157098196,"Specialist in Grocery, quick service in Hinjewadi.",14.74
Plumber Service 20,Plumber,Aundh,+91 9951741134,24/7 support for Plumber in Aundh.,3.87
Tutor Service 21,Tutor,Hadapsar,+91 9639817240,24/7 support for Tutor in Hadapsar.,5.62
Electrician Service 22,Electrician,Aundh,+91 8615398091,Provides excellent Electrician service in Aundh.,6.06
Tutor Service 23,Tutor,Hinjewadi,+91 8227706265,24/7 support for Tutor in Hinjewadi.,3.48
AC Service 24,AC Repair,KarveNagar,+91 9736665164,Affordable and reliable AC Repair solutions in KarveNagar.,8.76
Plumber Service 25,Plumber,Aundh,+91 7775539677,Trusted for Plumber needs in Aundh.,12.29
Pharmacy Service 26,Pharmacy,Hadapsar,+91 6006806440,24/7 support for Pharmacy in Hadapsar.,8.33
Gym Service 27,Gym,Hadapsar,+91 7967725507,24/7 support for Gym in Hadapsar.,0.91
Plumber Service 28,Plumber,Hinjewadi,+91 8365480145,24/7 support for Plumber in Hinjewadi.,3.12
Dentist Service 29,Dentist,Aundh,+91 9423507950,Affordable and reliable Dentist solutions in Aundh.,0.97
Dentist Service 30,Dentist,ShivajiNagar,+91 9728367029,Provides excellent Dentist service in ShivajiNagar.,7.07
Electrician Service 31,Electrician,Baner,+91 7153807478,Provides excellent Electrician service in Baner.,12.06
Grocery Service 32,Grocery,Hadapsar,+91 7246761692,Provides excellent Grocery service in Hadapsar.,2.93
Electrician Service 33,Electrician,Aundh,+91 6722177042,Affordable and reliable Electrician solutions in Aundh.,9.9
Electrician Service 34,Electrician,KarveNagar,+91 9017753764,Affordable and reliable Electrician solutions in KarveNagar.,7.7
Dentist Service 35,Dentist,Kothrud,+91 7340050970,Trusted for Dentist needs in Kothrud.,5.48
Plumber Service 36,Plumber,Wakad,+91 6467127923,Affordable and reliable Plumber solutions in Wakad.,13.55
Tutor Service 37,Tutor,Baner,+91 8601241110,Trusted for Tutor needs in Baner.,12.35
AC Service 38,AC Repair,Baner,+91 6076727541,Trusted for AC Repair needs in Baner.,2.62
Grocery Service 39,Grocery,KarveNagar,+91 9026258124,24/7 support for Grocery in KarveNagar.,10.33
Tutor Service 40,Tutor,Baner,+91 8709144384,24/7 support for Tutor in Baner.,7.04
Tutor Service 41,Tutor,Kothrud,+91 7696074045,24/7 support for Tutor in Kothrud.,12.15
Pharmacy Service 42,Pharmacy,Kothrud,+91 9167329000,Affordable and reliable Pharmacy solutions in Kothrud.,2.32
Plumber Service 43,Plumber,Kothrud,+91 7315920532,Provides excellent Plumber service in Kothrud.,12.95
Electrician Service 44,Electrician,Wakad,+91 9194777577,"Specialist in Electrician, quick service in Wakad.",6.53
Electrician Service 45,Electrician,Hinjewadi,+91 6036422432,24/7 support for Electrician in Hinjewadi.,13.24
AC Service 46,AC Repair,Koregaon Park,+91 9519356806,"Specialist in AC Repair, quick service in Koregaon Park.",14.45
Gym Service 47,Gym,KarveNagar,+91 6736660294,24/7 support for Gym in KarveNagar.,7.88
Pharmacy Service 48,Pharmacy,Baner,+91 7490056820,Provides excellent Pharmacy service in Baner.,3.48
Pharmacy Service 49,Pharmacy,Koregaon Park,+91 6833733246,Trusted for Pharmacy needs in Koregaon Park.,2.01
Pharmacy Service 50,Pharmacy,Wakad,+91 8165124656,Trusted for Pharmacy needs in Wakad.,0.75
